Feature,Importance
category__category_Transmission Repair,0.23671748250342906
category__category_Oil Change,0.21078977467115695
category__category_Engine Service,0.14618119398738805
category__category_Clutch Replacement,0.09072744221643045
remainder__severity,0.08190456451196233
category__category_Tire Replacement,0.0795209201255801
remainder__mileage_at_maintenance,0.06266809440959704
category__category_Suspension Repair,0.031671028771806234
remainder__age,0.021050058949411397
category__category_Full Service,0.018107490736879128
category__category_Brake Replacement,0.010753646366961108
category__category_Electrical Repair,0.005773330349452603
category__category_Cooling System,0.004134972399945595
