driver_id,first_name,last_name,full_name,license_type,experience_years,hire_date,contact,rating,status,driver_skill_score,total_trips,total_distance_km,total_revenue,total_profit,total_fuel_litres,total_delays,total_delay_minutes,total_duration_hours,avg_fuel_efficiency_km_per_l,delay_rate_pct,avg_speed_kmh
DRV001,Danielle,Johnson,Danielle Johnson,Class 3,7,2019-04-07,+263 77 921 5065,4.1,Available,72.5,28,11706,16857.62,2390.31,4515.29,10,1073,331.0,2.6325,35.71,35.4
DRV002,Joshua,Walker,Joshua Walker,Class 3,27,1999-03-18,+263 71 979 8711,4.4,Available,70.9,28,12506,17400.3,2051.94,4788.58,9,759,332.7,2.672857142857143,32.14,37.6
DRV003,Jill,Rhodes,Jill Rhodes,Class 4,28,1998-04-03,+263 75 940 4728,4.0,Available,54.3,35,14549,19959.08,2344.86,5391.09,7,745,395.2,2.7542857142857144,20.0,36.8
DRV004,Patricia,Miller,Patricia Miller,Class 1,23,2003-04-13,+263 75 985 2137,4.3,On Leave,77.9,29,12177,16854.06,2175.81,4493.7,5,532,330.8,2.7086206896551723,17.24,36.8
DRV005,Robert,Johnson,Robert Johnson,Class 2,10,2016-01-08,+263 77 795 9785,4.0,Available,57.6,29,13230,18327.57,2021.44,5047.22,7,569,351.6,2.672758620689655,24.14,37.6
DRV006,Jeffery,Wagner,Jeffery Wagner,Class 1,2,2024-05-12,+263 73 694 5349,4.2,Available,68.6,37,15739,21161.62,1523.13,6047.09,10,1020,425.6,2.6456756756756756,27.03,37.0
DRV007,Anthony,Gonzalez,Anthony Gonzalez,Class 2,21,2005-04-20,+263 77 720 9379,4.6,Available,75.3,35,13616,18637.579999999998,1872.06,5165.71,8,811,380.7,2.669142857142857,22.86,35.8
DRV008,Debra,Gardner,Debra Gardner,Class 2,30,1996-05-22,+263 71 825 8144,4.1,Available,72.1,35,15820,21414.2,1863.8600000000001,6075.6,10,945,416.3,2.6874285714285713,28.57,38.0
DRV009,Jeffrey,Lawrence,Jeffrey Lawrence,Class 2,27,1998-10-21,+263 74 472 8066,4.4,Available,77.2,47,19169,26103.04,2704.29,7117.14,13,1331,531.9,2.730851063829787,27.66,36.0
DRV010,Lisa,Smith,Lisa Smith,Class 4,23,2002-11-13,+263 76 779 3041,4.8,On Trip,91.3,28,12775,18141.4,2720.73,4750.67,11,1301,345.2,2.7310714285714286,39.29,37.0
DRV011,Linda,Wolfe,Linda Wolfe,Class 2,11,2014-10-19,+263 77 434 7592,4.6,On Trip,79.3,25,11660,16461.03,2328.37,4345.93,9,1160,308.2,2.7196,36.0,37.8
DRV012,Matthew,Moore,Matthew Moore,Class 1,19,2007-02-24,+263 77 793 3851,3.9,On Trip,60.7,36,15390,21165.06,2371.52,5776.1900000000005,8,908,422.6,2.689722222222222,22.22,36.4
DRV013,Susan,Rogers,Susan Rogers,Class 2,11,2015-09-25,+263 75 393 4443,4.0,Available,63.9,35,15716,21322.83,2253.89,5978.37,11,1000,430.5,2.649142857142857,31.43,36.5
DRV014,Christopher,Davis,Christopher Davis,Class 3,20,2006-04-16,+263 78 552 8244,4.1,On Trip,58.5,18,6148,8266.62,438.11,2330.71,2,242,181.7,2.6500000000000004,11.11,33.8
DRV015,Melanie,Munoz,Melanie Munoz,Class 2,18,2008-07-02,+263 72 390 9445,4.0,On Trip,72.3,24,9564,12787.27,1073.42,3543.87,6,497,267.2,2.747083333333333,25.0,35.8
DRV016,Lindsay,Blair,Lindsay Blair,Class 2,21,2005-05-30,+263 75 330 4262,4.1,Available,62.8,29,13020,17754.04,1706.99,4969.16,7,791,345.6,2.6441379310344826,24.14,37.7
DRV017,Amanda,Dudley,Amanda Dudley,Class 1,3,2023-01-23,+263 72 566 7790,4.9,On Trip,85.1,33,12466,16894.31,1958.37,4544.35,4,458,344.2,2.753030303030303,12.12,36.2
DRV018,Nicholas,Arnold,Nicholas Arnold,Class 1,20,2005-10-06,+263 77 606 7547,4.8,Available,98.0,46,20114,27329.760000000002,2714.46,7575.33,13,1465,550.4,2.680869565217391,28.26,36.5
DRV019,Maria,Montgomery,Maria Montgomery,Class 3,22,2004-08-04,+263 77 324 3881,3.7,On Trip,63.1,43,16725,22630.13,2071.85,6274.8,9,1046,466.7,2.6693023255813952,20.93,35.8
DRV020,Michelle,Ray,Michelle Ray,Class 2,24,2002-09-03,+263 79 355 2988,4.2,Available,78.2,35,16213,23109.21,3556.81,5969.29,7,766,425.8,2.732857142857143,20.0,38.1
DRV021,Janet,Williams,Janet Williams,Class 2,27,1999-01-01,+263 79 709 6198,4.1,On Leave,70.0,34,16436,23216.27,3036.75,6175.25,12,1351,433.2,2.6870588235294117,35.29,37.9
DRV022,Jeremy,Roberts,Jeremy Roberts,Class 2,30,1996-01-15,+263 77 950 9976,4.5,Available,73.3,31,13232,17843.22,1195.77,5181.9,9,973,354.9,2.62,29.03,37.3
DRV023,Christopher,Hall,Christopher Hall,Class 3,7,2019-01-24,+263 78 365 5050,4.3,On Trip,76.9,32,12448,16570.72,1168.73,4653.76,9,1032,351.1,2.689375,28.12,35.5
DRV024,Craig,Ramirez,Craig Ramirez,Class 3,10,2016-01-02,+263 78 741 4919,3.8,Available,62.6,37,17233,24009.43,3152.46,6455.15,10,904,453.6,2.7405405405405405,27.03,38.0
DRV025,Cynthia,Diaz,Cynthia Diaz,Class 3,4,2022-05-26,+263 75 443 6238,4.2,On Trip,69.2,35,15517,20991.11,2193.75,5754.64,11,1021,423.1,2.7454285714285716,31.43,36.7
DRV026,Mitchell,Clark,Mitchell Clark,Class 1,4,2022-05-28,+263 77 810 3503,4.7,On Trip,96.2,28,11209,15188.85,1353.03,4360.09,8,760,314.7,2.6207142857142856,28.57,35.6
DRV027,Joseph,Zuniga,Joseph Zuniga,Class 2,4,2022-04-07,+263 79 577 7812,4.4,Available,86.8,35,14240,20105.52,2333.16,5562.07,10,996,396.3,2.6254285714285714,28.57,35.9
DRV028,Deborah,Lynch,Deborah Lynch,Class 2,28,1997-12-04,+263 71 977 7232,3.8,Available,60.8,24,10588,14606.53,2132.84,3819.54,10,1297,296.7,2.78,41.67,35.7
DRV029,George,Daniel,George Daniel,Class 1,13,2013-03-10,+263 77 651 9947,4.5,On Trip,66.3,44,17649,24004.41,2345.89,6661.5,7,783,486.4,2.6704545454545454,15.91,36.3
DRV030,Frank,Gray,Frank Gray,Class 1,30,1996-06-09,+263 75 546 8956,4.3,Available,65.1,45,18528,25235.83,2456.97,6876.38,13,1284,519.2,2.7595555555555555,28.89,35.7
DRV031,Veronica,Bowman,Veronica Bowman,Class 3,12,2014-03-02,+263 73 960 8657,4.3,On Leave,64.2,32,12722,17881.43,1902.71,4867.63,8,746,356.1,2.7021875,25.0,35.7
DRV032,Angela,Cohen,Angela Cohen,Class 2,21,2005-03-10,+263 71 185 8022,4.4,Available,79.6,17,6914,9755.779999999999,1051.99,2572.18,4,462,193.8,2.7276470588235293,23.53,35.7
DRV033,Megan,Parsons,Megan Parsons,Class 1,16,2010-05-16,+263 77 435 4467,4.2,Available,74.5,29,11667,15922.65,1986.03,4257.5,3,409,317.0,2.745862068965517,10.34,36.8
DRV034,Jeremy,Johnson,Jeremy Johnson,Class 3,12,2014-03-15,+263 75 870 7906,4.3,Available,80.4,35,14527,19381.68,1294.1100000000001,5581.13,8,912,400.9,2.61,22.86,36.2
DRV035,Leslie,Adams,Leslie Adams,Class 2,4,2021-12-21,+263 71 458 4673,3.8,On Trip,60.3,36,15155,20524.69,1968.45,5774.3,4,359,407.7,2.6416666666666666,11.11,37.2
DRV036,Jason,Hahn,Jason Hahn,Class 4,26,2000-09-08,+263 71 353 4266,4.6,On Trip,77.1,37,14723,20544.88,2727.05,5529.07,6,644,405.5,2.7154054054054053,16.22,36.3
DRV037,Nancy,Edwards,Nancy Edwards,Class 1,21,2005-07-25,+263 78 785 2874,4.3,Available,76.9,49,18985,26212.86,2776.48,7120.37,13,1183,523.7,2.67734693877551,26.53,36.3
DRV038,Diana,Foster,Diana Foster,Class 2,8,2018-05-16,+263 76 271 2876,4.6,On Trip,78.4,27,12370,17027.09,2037.17,4652.139999999999,10,1074,329.2,2.7111111111111112,37.04,37.6
DRV039,Robin,Ellis,Robin Ellis,Class 4,7,2019-07-31,+263 71 419 7149,4.3,Available,77.6,20,9493,12982.93,1050.1699999999998,3717.66,10,786,253.4,2.6689999999999996,50.0,37.5
DRV040,Joseph,Wright,Joseph Wright,Class 1,24,2001-11-29,+263 74 204 5941,4.6,On Trip,88.3,40,17394,23824.41,2738.71,6582.92,12,1150,479.5,2.73175,30.0,36.3
DRV041,Anna,Baker,Anna Baker,Class 3,21,2004-12-12,+263 71 455 9728,4.7,Available,93.4,35,15345,20115.98,844.58,5946.36,11,1368,418.0,2.632857142857143,31.43,36.7
DRV042,Brenda,Hurst,Brenda Hurst,Class 1,13,2012-10-29,+263 76 112 7882,3.8,On Trip,60.3,42,18248,25325.670000000002,3217.17,6777.75,8,692,486.8,2.719047619047619,19.05,37.5
DRV043,Reginald,Robinson,Reginald Robinson,Class 2,5,2021-03-22,+263 78 824 3506,5.0,Available,94.8,30,15197,21074.91,2675.63,5775.57,9,856,393.0,2.691333333333333,30.0,38.7
DRV044,Whitney,Hicks,Whitney Hicks,Class 2,25,2000-10-30,+263 75 730 9817,4.2,On Trip,72.8,41,18067,25035.59,3239.23,6703.9,10,835,482.2,2.691707317073171,24.39,37.5
DRV045,Christopher,Williams,Christopher Williams,Class 2,16,2009-11-27,+263 75 430 5022,4.5,On Trip,92.5,30,13209,17987.15,1842.93,4977.88,7,904,353.1,2.7156666666666665,23.33,37.4
