fuel_id,truck_id,purchase_date,location,litres,price_per_litre,total_cost,purchase_year,purchase_month,purchase_month_name
FUEL00001,TRK029,2026-09-01,Bulawayo,256.1,1.75,448.18,2026,9,September
FUEL00002,TRK012,2026-03-22,Chirundu,336.6,1.52,511.63,2026,3,March
FUEL00003,TRK028,2026-01-09,Kadoma,72.2,1.72,124.18,2026,1,January
FUEL00004,TRK015,2026-04-18,Bulawayo,60.0,1.74,104.4,2026,4,April
FUEL00005,TRK021,2025-11-24,Kwekwe,310.3,1.87,580.26,2025,11,November
FUEL00006,TRK008,2026-06-15,Mutare,207.1,1.74,360.35,2026,6,June
FUEL00007,TRK032,2026-03-25,Masvingo,315.4,1.58,498.33,2026,3,March
FUEL00008,TRK003,2025-11-03,Beitbridge,337.8,1.75,591.15,2025,11,November
FUEL00009,TRK032,2025-11-20,Chirundu,208.5,1.74,362.79,2025,11,November
FUEL00010,TRK019,2026-05-13,Chinhoyi,248.2,1.81,449.24,2026,5,May
FUEL00011,TRK020,2026-09-08,Kwekwe,229.4,1.75,401.45,2026,9,September
FUEL00012,TRK015,2026-07-02,Chirundu,207.2,1.61,333.59,2026,7,July
FUEL00013,TRK019,2026-04-29,Gweru,274.6,1.61,442.11,2026,4,April
FUEL00014,TRK005,2026-05-23,Beitbridge,328.0,1.79,587.12,2026,5,May
FUEL00015,TRK012,2025-09-28,Kwekwe,195.0,1.75,341.25,2025,9,September
FUEL00016,TRK007,2026-04-12,Kwekwe,194.6,1.53,297.74,2026,4,April
FUEL00017,TRK034,2026-08-25,Bulawayo,209.2,1.71,357.73,2026,8,August
FUEL00018,TRK008,2025-12-04,Chirundu,304.3,1.74,529.48,2025,12,December
FUEL00019,TRK026,2026-09-12,Chinhoyi,337.2,1.6,539.52,2026,9,September
FUEL00020,TRK007,2025-12-17,Bulawayo,228.0,1.92,437.76,2025,12,December
FUEL00021,TRK024,2026-01-01,Beitbridge,95.9,1.67,160.15,2026,1,January
FUEL00022,TRK013,2026-07-23,Chirundu,168.9,1.7,287.13,2026,7,July
FUEL00023,TRK008,2026-01-19,Chirundu,223.1,1.79,399.35,2026,1,January
FUEL00024,TRK032,2026-02-11,Chinhoyi,281.7,1.56,439.45,2026,2,February
FUEL00025,TRK018,2026-08-17,Chirundu,210.0,1.72,361.2,2026,8,August
FUEL00026,TRK023,2026-05-23,Chinhoyi,322.8,2.01,648.83,2026,5,May
FUEL00027,TRK026,2026-05-28,Kadoma,319.7,1.6,511.52,2026,5,May
FUEL00028,TRK018,2025-12-06,Kwekwe,252.0,1.74,438.48,2025,12,December
FUEL00029,TRK007,2025-11-23,Masvingo,215.9,1.78,384.3,2025,11,November
FUEL00030,TRK032,2026-06-03,Gweru,66.9,1.79,119.75,2026,6,June
FUEL00031,TRK009,2025-10-07,Bulawayo,219.5,1.71,375.34,2025,10,October
FUEL00032,TRK004,2025-10-26,Kwekwe,384.6,1.57,603.82,2025,10,October
FUEL00033,TRK002,2025-12-22,Chirundu,283.2,1.82,515.42,2025,12,December
FUEL00034,TRK021,2025-12-09,Masvingo,274.5,1.53,419.99,2025,12,December
FUEL00035,TRK007,2025-10-31,Kadoma,374.8,1.69,633.41,2025,10,October
FUEL00036,TRK032,2026-05-18,Gweru,215.2,1.68,361.54,2026,5,May
FUEL00037,TRK019,2026-08-26,Kwekwe,227.5,1.58,359.45,2026,8,August
FUEL00038,TRK032,2026-06-07,Masvingo,274.0,1.65,452.1,2026,6,June
FUEL00039,TRK035,2026-03-16,Kadoma,317.0,1.78,564.26,2026,3,March
FUEL00040,TRK035,2025-10-01,Harare,398.2,1.69,672.96,2025,10,October
FUEL00041,TRK028,2025-11-21,Chirundu,191.7,1.54,295.22,2025,11,November
FUEL00042,TRK029,2026-03-02,Chirundu,446.4,1.8,803.52,2026,3,March
FUEL00043,TRK029,2026-05-15,Harare,201.1,1.92,386.11,2026,5,May
FUEL00044,TRK003,2025-12-21,Kadoma,375.3,1.56,585.47,2025,12,December
FUEL00045,TRK020,2026-09-18,Mutare,196.0,1.7,333.2,2026,9,September
FUEL00046,TRK032,2026-04-30,Mutare,169.0,1.71,288.99,2026,4,April
FUEL00047,TRK020,2026-04-09,Kwekwe,320.5,1.56,499.98,2026,4,April
FUEL00048,TRK008,2026-07-10,Kwekwe,284.9,1.86,529.91,2026,7,July
FUEL00049,TRK035,2026-07-11,Kwekwe,294.0,1.71,502.74,2026,7,July
FUEL00050,TRK031,2026-07-06,Mutare,203.2,1.82,369.82,2026,7,July
FUEL00051,TRK033,2025-10-20,Chirundu,160.0,1.75,280.0,2025,10,October
FUEL00052,TRK017,2026-06-02,Chinhoyi,262.2,1.86,487.69,2026,6,June
FUEL00053,TRK025,2026-08-03,Beitbridge,210.5,1.66,349.43,2026,8,August
FUEL00054,TRK019,2026-03-05,Harare,154.4,1.77,273.29,2026,3,March
FUEL00055,TRK002,2026-07-21,Harare,224.0,1.62,362.88,2026,7,July
FUEL00056,TRK009,2026-03-28,Beitbridge,194.8,1.78,346.74,2026,3,March
FUEL00057,TRK002,2026-08-08,Beitbridge,166.2,1.6,265.92,2026,8,August
FUEL00058,TRK025,2025-11-10,Chirundu,336.2,1.7,571.54,2025,11,November
FUEL00059,TRK023,2026-03-23,Chirundu,341.2,1.68,573.22,2026,3,March
FUEL00060,TRK023,2025-10-20,Gweru,259.9,1.74,452.23,2025,10,October
FUEL00061,TRK016,2026-01-20,Masvingo,377.9,1.88,710.45,2026,1,January
FUEL00062,TRK006,2026-09-09,Bulawayo,358.0,1.64,587.12,2026,9,September
FUEL00063,TRK020,2025-11-19,Beitbridge,176.1,1.81,318.74,2025,11,November
FUEL00064,TRK011,2025-10-02,Kadoma,377.0,1.86,701.22,2025,10,October
FUEL00065,TRK021,2025-10-11,Kwekwe,261.1,1.81,472.59,2025,10,October
FUEL00066,TRK028,2026-07-09,Kadoma,323.4,1.74,562.72,2026,7,July
FUEL00067,TRK027,2026-02-05,Harare,276.4,1.73,478.17,2026,2,February
FUEL00068,TRK031,2026-07-20,Harare,193.0,1.64,316.52,2026,7,July
FUEL00069,TRK021,2026-04-03,Chinhoyi,200.4,1.53,306.61,2026,4,April
FUEL00070,TRK025,2026-03-06,Chinhoyi,272.1,1.72,468.01,2026,3,March
FUEL00071,TRK007,2026-05-30,Bulawayo,324.8,1.87,607.38,2026,5,May
FUEL00072,TRK014,2026-03-13,Kwekwe,372.6,1.89,704.21,2026,3,March
FUEL00073,TRK033,2026-08-29,Beitbridge,195.6,1.55,303.18,2026,8,August
FUEL00074,TRK011,2026-08-02,Masvingo,339.1,1.89,640.9,2026,8,August
FUEL00075,TRK024,2026-05-03,Gweru,392.3,1.78,698.29,2026,5,May
FUEL00076,TRK032,2026-08-13,Bulawayo,90.3,1.76,158.93,2026,8,August
FUEL00077,TRK035,2026-01-09,Masvingo,307.2,1.87,574.46,2026,1,January
FUEL00078,TRK017,2025-10-16,Masvingo,381.5,1.83,698.14,2025,10,October
FUEL00079,TRK026,2026-01-15,Chinhoyi,210.1,1.6,336.16,2026,1,January
FUEL00080,TRK006,2026-07-15,Bulawayo,305.4,1.62,494.75,2026,7,July
FUEL00081,TRK022,2026-02-08,Bulawayo,385.4,1.52,585.81,2026,2,February
FUEL00082,TRK034,2026-05-23,Chirundu,308.2,1.76,542.43,2026,5,May
FUEL00083,TRK014,2026-03-18,Bulawayo,242.4,1.61,390.26,2026,3,March
FUEL00084,TRK020,2026-06-07,Masvingo,84.7,1.66,140.6,2026,6,June
FUEL00085,TRK028,2026-08-27,Kadoma,216.3,1.85,400.16,2026,8,August
FUEL00086,TRK021,2026-01-02,Chirundu,193.5,1.77,342.5,2026,1,January
FUEL00087,TRK026,2026-01-28,Chinhoyi,150.2,1.78,267.36,2026,1,January
FUEL00088,TRK033,2026-05-12,Kadoma,69.8,1.97,137.51,2026,5,May
FUEL00089,TRK012,2025-10-01,Kadoma,248.0,1.4,347.2,2025,10,October
FUEL00090,TRK012,2026-07-14,Kwekwe,199.0,1.61,320.39,2026,7,July
FUEL00091,TRK014,2026-08-26,Kwekwe,204.3,1.68,343.22,2026,8,August
FUEL00092,TRK018,2026-08-14,Kadoma,203.7,1.62,329.99,2026,8,August
FUEL00093,TRK028,2026-07-08,Harare,161.5,1.82,293.93,2026,7,July
FUEL00094,TRK034,2026-01-02,Beitbridge,362.1,1.69,611.95,2026,1,January
FUEL00095,TRK030,2025-12-06,Gweru,258.5,1.58,408.43,2025,12,December
FUEL00096,TRK010,2026-09-07,Masvingo,266.0,1.75,465.5,2026,9,September
FUEL00097,TRK028,2026-04-20,Beitbridge,241.4,1.77,427.28,2026,4,April
FUEL00098,TRK005,2026-08-12,Gweru,286.2,1.59,455.06,2026,8,August
FUEL00099,TRK027,2026-02-05,Masvingo,361.4,1.7,614.38,2026,2,February
FUEL00100,TRK011,2026-01-31,Chinhoyi,402.4,1.77,712.25,2026,1,January
FUEL00101,TRK016,2026-04-17,Gweru,427.5,1.86,795.15,2026,4,April
FUEL00102,TRK008,2025-12-07,Gweru,279.3,1.63,455.26,2025,12,December
FUEL00103,TRK002,2026-01-25,Masvingo,200.4,1.78,356.71,2026,1,January
FUEL00104,TRK030,2026-05-28,Kadoma,272.2,1.65,449.13,2026,5,May
FUEL00105,TRK028,2026-04-26,Harare,330.8,1.72,568.98,2026,4,April
FUEL00106,TRK013,2025-12-12,Masvingo,331.3,1.6,530.08,2025,12,December
FUEL00107,TRK009,2025-10-06,Masvingo,345.0,1.78,614.1,2025,10,October
FUEL00108,TRK018,2026-08-25,Kadoma,361.8,1.84,665.71,2026,8,August
FUEL00109,TRK012,2026-08-17,Harare,252.8,1.7,429.76,2026,8,August
FUEL00110,TRK032,2025-10-02,Harare,411.6,1.69,695.6,2025,10,October
FUEL00111,TRK006,2026-03-01,Chinhoyi,323.6,1.67,540.41,2026,3,March
FUEL00112,TRK020,2025-10-24,Chirundu,101.7,1.57,159.67,2025,10,October
FUEL00113,TRK024,2026-08-31,Bulawayo,294.5,1.8,530.1,2026,8,August
FUEL00114,TRK026,2025-12-02,Gweru,294.8,1.86,548.33,2025,12,December
FUEL00115,TRK008,2026-07-11,Kadoma,293.3,1.63,478.08,2026,7,July
FUEL00116,TRK008,2026-06-16,Chinhoyi,310.5,1.74,540.27,2026,6,June
FUEL00117,TRK034,2026-01-28,Kwekwe,211.1,1.78,375.76,2026,1,January
FUEL00118,TRK006,2026-01-21,Chinhoyi,266.7,1.65,440.05,2026,1,January
FUEL00119,TRK008,2026-03-01,Beitbridge,244.9,1.89,462.86,2026,3,March
FUEL00120,TRK025,2026-01-20,Chirundu,377.4,1.74,656.68,2026,1,January
FUEL00121,TRK014,2025-12-04,Bulawayo,264.9,1.55,410.59,2025,12,December
FUEL00122,TRK012,2026-01-09,Masvingo,406.1,1.84,747.22,2026,1,January
FUEL00123,TRK029,2026-04-19,Masvingo,323.9,1.45,469.65,2026,4,April
FUEL00124,TRK004,2026-05-31,Kadoma,263.5,1.7,447.95,2026,5,May
FUEL00125,TRK024,2026-09-15,Bulawayo,318.0,1.67,531.06,2026,9,September
FUEL00126,TRK021,2026-06-28,Chirundu,240.3,1.79,430.14,2026,6,June
FUEL00127,TRK031,2026-09-06,Gweru,194.2,1.65,320.43,2026,9,September
FUEL00128,TRK018,2025-12-05,Beitbridge,276.4,1.88,519.63,2025,12,December
FUEL00129,TRK031,2026-03-29,Masvingo,328.7,1.85,608.1,2026,3,March
FUEL00130,TRK002,2026-08-18,Chinhoyi,265.4,1.9,504.26,2026,8,August
FUEL00131,TRK003,2026-08-27,Harare,112.0,1.96,219.52,2026,8,August
FUEL00132,TRK016,2026-01-29,Kadoma,442.9,1.77,783.93,2026,1,January
FUEL00133,TRK025,2026-02-27,Beitbridge,330.7,1.72,568.8,2026,2,February
FUEL00134,TRK008,2026-06-22,Gweru,242.2,1.65,399.63,2026,6,June
FUEL00135,TRK029,2026-04-08,Harare,255.8,1.79,457.88,2026,4,April
FUEL00136,TRK026,2026-01-30,Masvingo,295.7,1.96,579.57,2026,1,January
FUEL00137,TRK006,2026-01-20,Masvingo,268.5,1.54,413.49,2026,1,January
FUEL00138,TRK014,2025-12-13,Kwekwe,399.8,1.57,627.69,2025,12,December
FUEL00139,TRK021,2026-08-17,Chirundu,212.5,1.75,371.88,2026,8,August
FUEL00140,TRK003,2026-02-09,Bulawayo,295.5,1.55,458.03,2026,2,February
FUEL00141,TRK032,2026-05-21,Chirundu,196.5,1.54,302.61,2026,5,May
FUEL00142,TRK022,2026-04-26,Bulawayo,312.8,1.86,581.81,2026,4,April
FUEL00143,TRK011,2026-09-14,Masvingo,156.1,1.84,287.22,2026,9,September
FUEL00144,TRK033,2025-10-25,Beitbridge,339.1,1.64,556.12,2025,10,October
FUEL00145,TRK027,2026-07-27,Kadoma,91.5,1.59,145.49,2026,7,July
FUEL00146,TRK021,2026-05-12,Harare,209.4,1.91,399.95,2026,5,May
FUEL00147,TRK004,2026-08-16,Mutare,249.9,1.6,399.84,2026,8,August
FUEL00148,TRK029,2026-08-16,Mutare,272.6,1.56,425.26,2026,8,August
FUEL00149,TRK001,2026-04-15,Gweru,303.7,1.6,485.92,2026,4,April
FUEL00150,TRK020,2026-03-01,Chinhoyi,189.2,1.77,334.88,2026,3,March
FUEL00151,TRK006,2025-11-17,Mutare,408.8,1.98,809.42,2025,11,November
FUEL00152,TRK016,2026-06-13,Mutare,171.6,1.65,283.14,2026,6,June
FUEL00153,TRK027,2026-03-04,Kwekwe,303.8,1.86,565.07,2026,3,March
FUEL00154,TRK031,2025-11-29,Masvingo,76.1,1.73,131.65,2025,11,November
FUEL00155,TRK012,2026-09-08,Chinhoyi,218.6,1.49,325.71,2026,9,September
FUEL00156,TRK021,2026-02-13,Gweru,146.3,1.65,241.4,2026,2,February
FUEL00157,TRK006,2026-04-22,Beitbridge,265.0,1.84,487.6,2026,4,April
FUEL00158,TRK012,2026-04-11,Chirundu,290.1,1.83,530.88,2026,4,April
FUEL00159,TRK015,2025-10-02,Harare,262.3,1.64,430.17,2025,10,October
FUEL00160,TRK015,2025-11-06,Kwekwe,244.4,1.8,439.92,2025,11,November
FUEL00161,TRK013,2026-02-03,Mutare,347.8,1.7,591.26,2026,2,February
FUEL00162,TRK004,2026-04-15,Chinhoyi,181.0,1.76,318.56,2026,4,April
FUEL00163,TRK028,2026-07-26,Masvingo,300.6,1.87,562.12,2026,7,July
FUEL00164,TRK010,2025-11-06,Beitbridge,202.3,1.64,331.77,2025,11,November
FUEL00165,TRK011,2026-07-09,Bulawayo,324.3,1.67,541.58,2026,7,July
FUEL00166,TRK001,2026-06-18,Chirundu,221.8,1.87,414.77,2026,6,June
FUEL00167,TRK030,2026-09-01,Kwekwe,143.5,1.97,282.69,2026,9,September
FUEL00168,TRK008,2026-01-14,Gweru,207.9,1.82,378.38,2026,1,January
FUEL00169,TRK013,2026-02-05,Masvingo,250.8,1.75,438.9,2026,2,February
FUEL00170,TRK032,2026-04-05,Mutare,237.7,1.82,432.61,2026,4,April
FUEL00171,TRK028,2026-01-05,Chinhoyi,230.5,1.65,380.32,2026,1,January
FUEL00172,TRK014,2026-02-13,Gweru,414.1,1.72,712.25,2026,2,February
FUEL00173,TRK027,2025-12-23,Chirundu,202.6,1.54,312.0,2025,12,December
FUEL00174,TRK010,2025-10-06,Masvingo,418.6,1.65,690.69,2025,10,October
FUEL00175,TRK017,2026-01-20,Chinhoyi,435.3,1.77,770.48,2026,1,January
FUEL00176,TRK029,2026-01-27,Beitbridge,272.1,1.74,473.45,2026,1,January
FUEL00177,TRK030,2025-11-04,Harare,448.4,1.46,654.66,2025,11,November
FUEL00178,TRK031,2025-11-29,Beitbridge,278.2,1.69,470.16,2025,11,November
FUEL00179,TRK026,2026-09-08,Gweru,241.9,1.74,420.91,2026,9,September
FUEL00180,TRK025,2026-09-19,Chirundu,237.4,1.74,413.08,2026,9,September
FUEL00181,TRK017,2025-10-29,Bulawayo,258.0,1.56,402.48,2025,10,October
FUEL00182,TRK004,2025-10-18,Beitbridge,292.4,1.81,529.24,2025,10,October
FUEL00183,TRK016,2026-05-21,Beitbridge,213.9,1.94,414.97,2026,5,May
FUEL00184,TRK003,2025-09-24,Masvingo,373.5,1.82,679.77,2025,9,September
FUEL00185,TRK033,2026-08-05,Chirundu,330.7,1.72,568.8,2026,8,August
FUEL00186,TRK020,2026-04-12,Beitbridge,357.0,1.91,681.87,2026,4,April
FUEL00187,TRK009,2026-07-05,Harare,328.7,1.65,542.35,2026,7,July
FUEL00188,TRK012,2026-02-02,Mutare,256.6,1.79,459.31,2026,2,February
FUEL00189,TRK033,2026-06-01,Beitbridge,331.2,1.71,566.35,2026,6,June
FUEL00190,TRK030,2025-11-28,Bulawayo,211.8,1.91,404.54,2025,11,November
FUEL00191,TRK021,2026-09-20,Kadoma,168.9,1.61,271.93,2026,9,September
FUEL00192,TRK028,2025-12-03,Masvingo,147.2,1.61,236.99,2025,12,December
FUEL00193,TRK008,2026-03-01,Harare,366.0,1.87,684.42,2026,3,March
FUEL00194,TRK009,2026-06-04,Masvingo,253.7,1.78,451.59,2026,6,June
FUEL00195,TRK024,2026-04-30,Masvingo,259.1,1.58,409.38,2026,4,April
FUEL00196,TRK017,2026-08-01,Masvingo,448.5,1.88,843.18,2026,8,August
FUEL00197,TRK034,2026-03-01,Chirundu,290.1,1.62,469.96,2026,3,March
FUEL00198,TRK011,2026-03-02,Kwekwe,240.9,1.64,395.08,2026,3,March
FUEL00199,TRK010,2026-07-03,Kwekwe,268.3,1.76,472.21,2026,7,July
FUEL00200,TRK004,2025-12-27,Mutare,231.0,1.55,358.05,2025,12,December
FUEL00201,TRK004,2026-01-17,Mutare,441.2,1.75,772.1,2026,1,January
FUEL00202,TRK003,2026-05-20,Masvingo,298.8,1.67,499.0,2026,5,May
FUEL00203,TRK011,2026-09-18,Kwekwe,127.2,1.71,217.51,2026,9,September
FUEL00204,TRK028,2025-11-20,Kwekwe,232.5,1.81,420.82,2025,11,November
FUEL00205,TRK003,2026-05-06,Beitbridge,337.0,1.81,609.97,2026,5,May
FUEL00206,TRK032,2026-05-14,Kwekwe,344.0,1.94,667.36,2026,5,May
FUEL00207,TRK008,2025-12-06,Bulawayo,293.1,1.85,542.24,2025,12,December
FUEL00208,TRK023,2025-11-08,Gweru,302.0,1.49,449.98,2025,11,November
FUEL00209,TRK019,2025-12-23,Mutare,246.9,1.62,399.98,2025,12,December
FUEL00210,TRK033,2026-02-08,Chinhoyi,279.7,1.63,455.91,2026,2,February
FUEL00211,TRK014,2026-07-17,Harare,311.5,1.84,573.16,2026,7,July
FUEL00212,TRK034,2026-07-11,Mutare,362.3,1.91,691.99,2026,7,July
FUEL00213,TRK027,2025-10-31,Gweru,117.5,1.58,185.65,2025,10,October
FUEL00214,TRK032,2026-09-03,Bulawayo,508.9,1.84,936.38,2026,9,September
FUEL00215,TRK022,2025-10-05,Masvingo,279.1,1.72,480.05,2025,10,October
FUEL00216,TRK008,2026-04-11,Beitbridge,255.2,1.49,380.25,2026,4,April
FUEL00217,TRK007,2026-03-06,Mutare,194.4,1.71,332.42,2026,3,March
FUEL00218,TRK002,2025-11-02,Kwekwe,199.2,1.65,328.68,2025,11,November
FUEL00219,TRK031,2026-05-12,Masvingo,477.5,1.69,806.98,2026,5,May
FUEL00220,TRK001,2026-03-09,Harare,283.6,1.75,496.3,2026,3,March
FUEL00221,TRK029,2026-03-07,Chinhoyi,310.1,1.66,514.77,2026,3,March
FUEL00222,TRK009,2026-01-08,Harare,366.0,1.77,647.82,2026,1,January
FUEL00223,TRK019,2026-03-06,Harare,150.6,1.71,257.53,2026,3,March
FUEL00224,TRK005,2026-06-29,Chinhoyi,245.4,1.69,414.73,2026,6,June
FUEL00225,TRK025,2025-11-08,Chirundu,303.3,1.8,545.94,2025,11,November
FUEL00226,TRK017,2025-12-22,Gweru,303.9,1.76,534.86,2025,12,December
FUEL00227,TRK026,2025-11-06,Harare,267.3,1.46,390.26,2025,11,November
FUEL00228,TRK014,2025-12-14,Chirundu,326.1,1.78,580.46,2025,12,December
FUEL00229,TRK026,2026-02-14,Mutare,176.3,1.75,308.53,2026,2,February
FUEL00230,TRK008,2026-02-21,Kwekwe,315.1,1.86,586.09,2026,2,February
FUEL00231,TRK028,2026-02-27,Chinhoyi,303.4,1.76,533.98,2026,2,February
FUEL00232,TRK009,2026-03-24,Bulawayo,340.5,1.68,572.04,2026,3,March
FUEL00233,TRK024,2026-06-11,Gweru,295.0,1.65,486.75,2026,6,June
FUEL00234,TRK032,2026-05-08,Chirundu,354.4,1.53,542.23,2026,5,May
FUEL00235,TRK031,2026-02-06,Chinhoyi,329.4,1.72,566.57,2026,2,February
FUEL00236,TRK028,2025-11-07,Chirundu,342.1,1.63,557.62,2025,11,November
FUEL00237,TRK024,2026-08-02,Mutare,267.6,1.73,462.95,2026,8,August
FUEL00238,TRK028,2026-08-10,Chirundu,296.9,1.59,472.07,2026,8,August
FUEL00239,TRK006,2025-10-12,Kadoma,314.1,1.5,471.15,2025,10,October
FUEL00240,TRK022,2026-05-17,Gweru,203.2,1.53,310.9,2026,5,May
FUEL00241,TRK010,2026-06-02,Kadoma,330.4,1.77,584.81,2026,6,June
FUEL00242,TRK034,2025-11-03,Masvingo,298.8,1.9,567.72,2025,11,November
FUEL00243,TRK030,2026-05-03,Bulawayo,233.1,1.79,417.25,2026,5,May
FUEL00244,TRK031,2026-02-22,Mutare,265.6,1.71,454.18,2026,2,February
FUEL00245,TRK009,2026-09-07,Masvingo,371.1,1.97,731.07,2026,9,September
FUEL00246,TRK016,2026-06-16,Chirundu,223.3,1.82,406.41,2026,6,June
FUEL00247,TRK019,2026-07-10,Harare,287.1,1.76,505.3,2026,7,July
FUEL00248,TRK005,2025-10-15,Kadoma,281.0,1.68,472.08,2025,10,October
FUEL00249,TRK007,2026-06-10,Chirundu,60.0,1.9,114.0,2026,6,June
FUEL00250,TRK027,2025-11-09,Kwekwe,200.9,1.69,339.52,2025,11,November
FUEL00251,TRK017,2026-03-22,Masvingo,241.3,1.63,393.32,2026,3,March
FUEL00252,TRK006,2026-06-06,Harare,280.4,1.71,479.48,2026,6,June
FUEL00253,TRK008,2026-08-26,Kwekwe,199.1,1.74,346.43,2026,8,August
FUEL00254,TRK012,2025-12-24,Chirundu,257.2,1.83,470.68,2025,12,December
FUEL00255,TRK003,2025-11-03,Chirundu,146.1,1.62,236.68,2025,11,November
FUEL00256,TRK020,2026-03-01,Chinhoyi,321.7,1.64,527.59,2026,3,March
FUEL00257,TRK030,2026-08-31,Kwekwe,183.2,1.65,302.28,2026,8,August
FUEL00258,TRK017,2026-03-15,Mutare,251.4,1.71,429.89,2026,3,March
FUEL00259,TRK014,2025-12-25,Bulawayo,242.2,1.6,387.52,2025,12,December
FUEL00260,TRK017,2026-09-01,Bulawayo,325.7,1.88,612.32,2026,9,September
FUEL00261,TRK028,2026-06-22,Harare,97.6,1.53,149.33,2026,6,June
FUEL00262,TRK001,2026-04-12,Bulawayo,345.2,1.91,659.33,2026,4,April
FUEL00263,TRK001,2025-12-18,Kwekwe,79.0,1.82,143.78,2025,12,December
FUEL00264,TRK030,2026-09-11,Chirundu,399.2,1.62,646.7,2026,9,September
FUEL00265,TRK032,2026-02-24,Chinhoyi,394.3,1.7,670.31,2026,2,February
FUEL00266,TRK024,2026-09-10,Chirundu,286.7,1.63,467.32,2026,9,September
FUEL00267,TRK020,2025-11-05,Mutare,345.1,1.82,628.08,2025,11,November
FUEL00268,TRK009,2025-09-29,Gweru,406.6,1.89,768.47,2025,9,September
FUEL00269,TRK008,2025-09-30,Gweru,259.2,2.09,541.73,2025,9,September
FUEL00270,TRK002,2026-01-07,Kwekwe,374.8,1.78,667.14,2026,1,January
FUEL00271,TRK010,2026-08-20,Gweru,175.2,1.54,269.81,2026,8,August
FUEL00272,TRK028,2026-08-08,Kadoma,137.2,1.61,220.89,2026,8,August
FUEL00273,TRK013,2025-11-05,Masvingo,377.1,1.78,671.24,2025,11,November
FUEL00274,TRK030,2025-12-06,Kwekwe,207.9,1.7,353.43,2025,12,December
FUEL00275,TRK028,2025-10-03,Bulawayo,238.1,1.82,433.34,2025,10,October
FUEL00276,TRK011,2025-12-09,Kwekwe,185.3,1.76,326.13,2025,12,December
FUEL00277,TRK032,2026-05-21,Harare,285.5,1.62,462.51,2026,5,May
FUEL00278,TRK029,2026-07-18,Gweru,395.0,1.68,663.6,2026,7,July
FUEL00279,TRK013,2026-02-19,Chinhoyi,175.6,1.82,319.59,2026,2,February
FUEL00280,TRK026,2025-10-18,Beitbridge,264.6,1.77,468.34,2025,10,October
FUEL00281,TRK001,2025-11-13,Chirundu,159.3,1.82,289.93,2025,11,November
FUEL00282,TRK027,2026-06-02,Chinhoyi,444.7,1.57,698.18,2026,6,June
FUEL00283,TRK019,2025-10-10,Kwekwe,290.1,1.63,472.86,2025,10,October
FUEL00284,TRK026,2026-05-28,Kadoma,488.6,1.87,913.68,2026,5,May
FUEL00285,TRK032,2026-01-18,Harare,284.0,1.57,445.88,2026,1,January
FUEL00286,TRK034,2025-10-01,Chirundu,176.2,1.81,318.92,2025,10,October
FUEL00287,TRK021,2026-07-02,Bulawayo,144.2,1.56,224.95,2026,7,July
FUEL00288,TRK018,2026-08-19,Chirundu,260.8,1.74,453.79,2026,8,August
FUEL00289,TRK031,2025-11-20,Kwekwe,292.3,1.67,488.14,2025,11,November
FUEL00290,TRK023,2026-05-09,Chirundu,338.2,1.62,547.88,2026,5,May
FUEL00291,TRK002,2025-12-13,Masvingo,313.3,1.75,548.27,2025,12,December
FUEL00292,TRK013,2026-05-20,Beitbridge,311.1,1.86,578.65,2026,5,May
FUEL00293,TRK029,2026-01-18,Kadoma,221.3,1.64,362.93,2026,1,January
FUEL00294,TRK015,2026-07-19,Beitbridge,116.5,1.48,172.42,2026,7,July
FUEL00295,TRK030,2025-11-28,Masvingo,245.0,1.71,418.95,2025,11,November
FUEL00296,TRK025,2026-04-23,Beitbridge,167.7,1.62,271.67,2026,4,April
FUEL00297,TRK031,2025-12-13,Chinhoyi,389.5,1.83,712.79,2025,12,December
FUEL00298,TRK014,2026-02-13,Bulawayo,152.8,1.67,255.18,2026,2,February
FUEL00299,TRK031,2025-11-27,Mutare,294.5,1.64,482.98,2025,11,November
FUEL00300,TRK013,2025-12-11,Chinhoyi,191.3,1.68,321.38,2025,12,December
FUEL00301,TRK032,2025-11-12,Chirundu,352.7,1.86,656.02,2025,11,November
FUEL00302,TRK032,2026-02-24,Gweru,197.5,1.78,351.55,2026,2,February
FUEL00303,TRK014,2026-07-04,Harare,259.5,1.6,415.2,2026,7,July
FUEL00304,TRK002,2026-03-24,Masvingo,234.7,1.57,368.48,2026,3,March
FUEL00305,TRK023,2026-09-03,Mutare,358.9,1.91,685.5,2026,9,September
FUEL00306,TRK012,2026-06-06,Harare,225.1,1.64,369.16,2026,6,June
FUEL00307,TRK005,2026-03-13,Chirundu,349.6,1.87,653.75,2026,3,March
FUEL00308,TRK008,2026-08-04,Gweru,165.3,1.7,281.01,2026,8,August
FUEL00309,TRK008,2026-07-06,Gweru,255.0,1.63,415.65,2026,7,July
FUEL00310,TRK032,2026-02-01,Beitbridge,292.8,1.64,480.19,2026,2,February
FUEL00311,TRK023,2025-10-15,Kadoma,214.1,1.71,366.11,2025,10,October
FUEL00312,TRK018,2025-12-08,Kadoma,133.4,1.47,196.1,2025,12,December
FUEL00313,TRK007,2026-09-18,Harare,338.1,1.63,551.1,2026,9,September
FUEL00314,TRK029,2026-05-14,Bulawayo,441.5,1.96,865.34,2026,5,May
FUEL00315,TRK007,2026-07-31,Chinhoyi,216.9,2.0,433.8,2026,7,July
FUEL00316,TRK007,2026-07-06,Harare,339.7,1.64,557.11,2026,7,July
FUEL00317,TRK033,2025-11-14,Mutare,60.0,1.8,108.0,2025,11,November
FUEL00318,TRK008,2026-01-05,Beitbridge,262.7,1.77,464.98,2026,1,January
FUEL00319,TRK011,2026-02-18,Kwekwe,240.5,1.58,379.99,2026,2,February
FUEL00320,TRK033,2026-06-04,Bulawayo,223.7,1.8,402.66,2026,6,June
FUEL00321,TRK010,2026-08-19,Beitbridge,229.9,1.68,386.23,2026,8,August
FUEL00322,TRK022,2025-12-01,Bulawayo,130.9,1.73,226.46,2025,12,December
FUEL00323,TRK013,2026-05-04,Chirundu,165.5,1.83,302.87,2026,5,May
FUEL00324,TRK001,2026-01-25,Kwekwe,197.6,1.68,331.97,2026,1,January
FUEL00325,TRK022,2026-02-15,Kadoma,443.9,1.68,745.75,2026,2,February
FUEL00326,TRK011,2025-11-04,Masvingo,222.6,1.79,398.45,2025,11,November
FUEL00327,TRK024,2026-04-22,Beitbridge,108.3,1.87,202.52,2026,4,April
FUEL00328,TRK016,2025-12-08,Kadoma,344.5,1.78,613.21,2025,12,December
FUEL00329,TRK027,2026-01-16,Mutare,60.0,1.69,101.4,2026,1,January
FUEL00330,TRK028,2026-04-21,Chirundu,151.8,1.85,280.83,2026,4,April
FUEL00331,TRK030,2026-06-13,Beitbridge,349.5,1.77,618.62,2026,6,June
FUEL00332,TRK002,2026-05-06,Mutare,157.7,1.9,299.63,2026,5,May
FUEL00333,TRK001,2026-06-13,Bulawayo,237.7,1.94,461.14,2026,6,June
FUEL00334,TRK006,2026-03-14,Beitbridge,282.6,1.78,503.03,2026,3,March
FUEL00335,TRK026,2025-12-15,Chirundu,220.9,1.89,417.5,2025,12,December
FUEL00336,TRK004,2026-04-11,Harare,311.7,1.89,589.11,2026,4,April
FUEL00337,TRK010,2026-07-13,Harare,275.1,1.71,470.42,2026,7,July
FUEL00338,TRK034,2026-02-20,Chirundu,310.6,1.89,587.03,2026,2,February
FUEL00339,TRK026,2026-09-05,Kadoma,346.4,1.74,602.74,2026,9,September
FUEL00340,TRK020,2026-03-01,Beitbridge,102.1,1.82,185.82,2026,3,March
FUEL00341,TRK001,2026-02-12,Kadoma,137.7,1.72,236.84,2026,2,February
FUEL00342,TRK010,2026-09-15,Chirundu,250.2,1.55,387.81,2026,9,September
FUEL00343,TRK029,2026-08-17,Gweru,291.7,1.98,577.57,2026,8,August
FUEL00344,TRK035,2026-08-07,Chinhoyi,233.4,1.81,422.45,2026,8,August
FUEL00345,TRK029,2026-09-14,Beitbridge,460.2,1.82,837.56,2026,9,September
FUEL00346,TRK026,2026-01-01,Masvingo,205.2,1.75,359.1,2026,1,January
FUEL00347,TRK006,2025-10-10,Kadoma,300.9,1.89,568.7,2025,10,October
FUEL00348,TRK022,2026-04-09,Mutare,363.2,1.4,508.48,2026,4,April
FUEL00349,TRK034,2026-06-25,Masvingo,187.2,1.71,320.11,2026,6,June
FUEL00350,TRK014,2025-11-08,Kadoma,173.7,1.4,243.18,2025,11,November
FUEL00351,TRK020,2026-06-15,Beitbridge,198.3,1.72,341.08,2026,6,June
FUEL00352,TRK011,2025-10-03,Harare,215.4,1.6,344.64,2025,10,October
FUEL00353,TRK035,2026-07-22,Masvingo,263.5,1.76,463.76,2026,7,July
FUEL00354,TRK016,2026-02-24,Chirundu,220.2,1.88,413.98,2026,2,February
FUEL00355,TRK033,2025-11-17,Harare,264.9,1.62,429.14,2025,11,November
FUEL00356,TRK024,2026-02-01,Kadoma,164.4,1.69,277.84,2026,2,February
FUEL00357,TRK023,2025-11-24,Harare,354.6,1.62,574.45,2025,11,November
FUEL00358,TRK008,2026-05-09,Masvingo,310.6,1.73,537.34,2026,5,May
FUEL00359,TRK001,2026-05-12,Beitbridge,429.4,1.77,760.04,2026,5,May
FUEL00360,TRK016,2026-07-16,Chinhoyi,200.7,1.81,363.27,2026,7,July
FUEL00361,TRK035,2026-07-23,Gweru,325.5,1.67,543.58,2026,7,July
FUEL00362,TRK023,2026-02-22,Masvingo,161.1,1.78,286.76,2026,2,February
FUEL00363,TRK009,2026-09-22,Chirundu,265.4,1.54,408.72,2026,9,September
FUEL00364,TRK034,2026-01-26,Bulawayo,281.6,1.64,461.82,2026,1,January
FUEL00365,TRK021,2026-06-13,Chinhoyi,131.2,1.68,220.42,2026,6,June
FUEL00366,TRK013,2026-03-25,Kwekwe,369.0,1.86,686.34,2026,3,March
FUEL00367,TRK007,2025-12-06,Chirundu,340.5,1.75,595.88,2025,12,December
FUEL00368,TRK027,2025-11-02,Bulawayo,310.6,1.73,537.34,2025,11,November
FUEL00369,TRK004,2026-04-27,Mutare,166.1,1.61,267.42,2026,4,April
FUEL00370,TRK031,2026-01-09,Kwekwe,208.4,1.89,393.88,2026,1,January
FUEL00371,TRK005,2026-03-30,Kadoma,351.5,1.59,558.88,2026,3,March
FUEL00372,TRK026,2026-07-20,Kadoma,264.5,1.67,441.71,2026,7,July
FUEL00373,TRK034,2026-04-12,Masvingo,246.8,1.66,409.69,2026,4,April
FUEL00374,TRK032,2026-08-13,Chirundu,379.5,1.72,652.74,2026,8,August
FUEL00375,TRK029,2026-09-09,Kwekwe,278.4,1.75,487.2,2026,9,September
FUEL00376,TRK027,2025-12-14,Mutare,172.6,1.73,298.6,2025,12,December
FUEL00377,TRK033,2025-11-26,Kwekwe,350.3,1.9,665.57,2025,11,November
FUEL00378,TRK030,2025-11-27,Kadoma,162.4,1.54,250.1,2025,11,November
FUEL00379,TRK034,2025-11-21,Gweru,265.3,1.85,490.81,2025,11,November
FUEL00380,TRK030,2026-05-22,Harare,290.6,1.8,523.08,2026,5,May
FUEL00381,TRK011,2026-07-05,Beitbridge,144.4,1.65,238.26,2026,7,July
FUEL00382,TRK008,2026-07-27,Chirundu,73.3,1.7,124.61,2026,7,July
FUEL00383,TRK008,2025-11-22,Beitbridge,76.0,1.88,142.88,2025,11,November
FUEL00384,TRK019,2025-10-12,Kadoma,392.2,1.74,682.43,2025,10,October
FUEL00385,TRK010,2025-11-21,Beitbridge,131.4,1.77,232.58,2025,11,November
FUEL00386,TRK020,2026-04-01,Masvingo,418.0,1.78,744.04,2026,4,April
FUEL00387,TRK019,2026-05-28,Harare,360.7,1.66,598.76,2026,5,May
FUEL00388,TRK010,2025-12-03,Chinhoyi,185.9,1.71,317.89,2025,12,December
FUEL00389,TRK027,2025-10-16,Masvingo,96.2,1.99,191.44,2025,10,October
FUEL00390,TRK019,2026-01-10,Mutare,271.9,1.82,494.86,2026,1,January
FUEL00391,TRK032,2025-09-23,Bulawayo,220.8,1.53,337.82,2025,9,September
FUEL00392,TRK023,2025-10-26,Harare,381.2,1.59,606.11,2025,10,October
FUEL00393,TRK027,2026-05-26,Chinhoyi,289.7,1.77,512.77,2026,5,May
FUEL00394,TRK020,2026-07-08,Kwekwe,266.3,1.63,434.07,2026,7,July
FUEL00395,TRK022,2026-04-03,Kwekwe,247.3,1.61,398.15,2026,4,April
FUEL00396,TRK009,2025-12-01,Kadoma,328.8,1.79,588.55,2025,12,December
FUEL00397,TRK030,2026-05-10,Kwekwe,258.2,1.65,426.03,2026,5,May
FUEL00398,TRK010,2026-03-07,Bulawayo,439.1,1.56,685.0,2026,3,March
FUEL00399,TRK027,2026-04-08,Gweru,128.7,1.71,220.08,2026,4,April
FUEL00400,TRK026,2026-03-14,Kadoma,238.1,1.85,440.49,2026,3,March
FUEL00401,TRK003,2026-08-31,Kwekwe,314.9,1.72,541.63,2026,8,August
FUEL00402,TRK018,2026-08-18,Bulawayo,302.5,1.78,538.45,2026,8,August
FUEL00403,TRK011,2026-09-19,Harare,438.8,1.75,767.9,2026,9,September
FUEL00404,TRK020,2026-07-06,Bulawayo,202.1,1.74,351.65,2026,7,July
FUEL00405,TRK006,2025-12-29,Chinhoyi,60.0,1.72,103.2,2025,12,December
FUEL00406,TRK035,2026-07-14,Harare,352.9,1.79,631.69,2026,7,July
FUEL00407,TRK034,2025-12-27,Kwekwe,285.4,1.8,513.72,2025,12,December
FUEL00408,TRK033,2025-10-01,Bulawayo,353.8,1.89,668.68,2025,10,October
FUEL00409,TRK035,2025-12-23,Harare,298.0,1.68,500.64,2025,12,December
FUEL00410,TRK018,2026-01-05,Gweru,63.4,1.84,116.66,2026,1,January
FUEL00411,TRK029,2025-11-04,Kadoma,303.8,1.74,528.61,2025,11,November
FUEL00412,TRK021,2026-04-15,Chinhoyi,201.5,1.84,370.76,2026,4,April
FUEL00413,TRK003,2026-05-31,Harare,238.1,1.72,409.53,2026,5,May
FUEL00414,TRK022,2026-05-03,Mutare,255.2,1.77,451.7,2026,5,May
FUEL00415,TRK027,2025-10-04,Kadoma,162.4,1.79,290.7,2025,10,October
FUEL00416,TRK021,2026-04-05,Masvingo,198.7,1.64,325.87,2026,4,April
FUEL00417,TRK006,2025-11-19,Bulawayo,335.2,1.6,536.32,2025,11,November
FUEL00418,TRK035,2025-12-17,Masvingo,335.1,1.73,579.72,2025,12,December
FUEL00419,TRK010,2025-12-24,Masvingo,119.9,1.88,225.41,2025,12,December
FUEL00420,TRK006,2025-12-09,Masvingo,286.4,1.77,506.93,2025,12,December
FUEL00421,TRK027,2026-09-04,Mutare,345.6,1.9,656.64,2026,9,September
FUEL00422,TRK004,2026-08-02,Beitbridge,277.1,1.79,496.01,2026,8,August
FUEL00423,TRK012,2025-10-05,Harare,291.6,1.68,489.89,2025,10,October
FUEL00424,TRK020,2026-04-09,Bulawayo,125.4,1.75,219.45,2026,4,April
FUEL00425,TRK021,2025-12-03,Chirundu,377.2,1.79,675.19,2025,12,December
FUEL00426,TRK021,2026-02-01,Chirundu,169.3,1.85,313.21,2026,2,February
FUEL00427,TRK008,2025-10-18,Gweru,233.7,1.47,343.54,2025,10,October
FUEL00428,TRK016,2026-07-24,Chinhoyi,346.5,1.61,557.87,2026,7,July
FUEL00429,TRK016,2026-06-01,Kadoma,411.4,1.86,765.2,2026,6,June
FUEL00430,TRK033,2026-04-07,Bulawayo,240.6,1.78,428.27,2026,4,April
FUEL00431,TRK018,2025-10-23,Beitbridge,466.0,1.84,857.44,2025,10,October
FUEL00432,TRK030,2026-07-02,Chirundu,280.2,2.07,580.01,2026,7,July
FUEL00433,TRK005,2026-05-27,Harare,270.0,1.79,483.3,2026,5,May
FUEL00434,TRK027,2026-08-12,Gweru,180.4,1.52,274.21,2026,8,August
FUEL00435,TRK002,2026-02-06,Kadoma,235.5,1.72,405.06,2026,2,February
FUEL00436,TRK007,2026-01-26,Kadoma,288.0,1.55,446.4,2026,1,January
FUEL00437,TRK009,2026-02-24,Chinhoyi,316.2,1.62,512.24,2026,2,February
FUEL00438,TRK027,2026-05-08,Bulawayo,311.7,1.83,570.41,2026,5,May
FUEL00439,TRK033,2026-01-04,Mutare,226.4,1.6,362.24,2026,1,January
FUEL00440,TRK024,2026-06-25,Mutare,391.2,1.82,711.98,2026,6,June
FUEL00441,TRK016,2026-06-24,Chirundu,272.9,1.9,518.51,2026,6,June
FUEL00442,TRK029,2025-10-13,Harare,267.1,1.65,440.72,2025,10,October
FUEL00443,TRK030,2026-08-05,Masvingo,174.9,1.71,299.08,2026,8,August
FUEL00444,TRK011,2025-09-22,Harare,325.6,1.89,615.38,2025,9,September
FUEL00445,TRK031,2026-02-08,Chinhoyi,262.0,1.87,489.94,2026,2,February
FUEL00446,TRK017,2026-09-05,Chirundu,241.8,1.63,394.13,2026,9,September
FUEL00447,TRK023,2026-08-11,Gweru,149.0,1.66,247.34,2026,8,August
FUEL00448,TRK033,2026-02-13,Harare,152.2,1.96,298.31,2026,2,February
FUEL00449,TRK011,2026-06-22,Chinhoyi,297.3,1.71,508.38,2026,6,June
FUEL00450,TRK005,2026-02-22,Bulawayo,406.4,1.56,633.98,2026,2,February
FUEL00451,TRK026,2026-09-14,Bulawayo,248.3,1.96,486.67,2026,9,September
FUEL00452,TRK009,2026-07-03,Masvingo,247.8,2.01,498.08,2026,7,July
FUEL00453,TRK028,2026-01-07,Chinhoyi,326.8,1.88,614.38,2026,1,January
FUEL00454,TRK033,2026-03-03,Beitbridge,373.5,1.72,642.42,2026,3,March
FUEL00455,TRK017,2026-09-19,Kwekwe,218.5,1.71,373.63,2026,9,September
FUEL00456,TRK018,2026-01-25,Beitbridge,176.1,1.71,301.13,2026,1,January
FUEL00457,TRK022,2026-01-07,Kwekwe,259.6,1.92,498.43,2026,1,January
FUEL00458,TRK022,2025-09-30,Mutare,310.4,2.0,620.8,2025,9,September
FUEL00459,TRK001,2026-07-30,Kwekwe,76.4,1.57,119.95,2026,7,July
FUEL00460,TRK001,2025-09-26,Mutare,229.8,1.9,436.62,2025,9,September
FUEL00461,TRK027,2026-07-03,Kwekwe,250.7,1.54,386.08,2026,7,July
FUEL00462,TRK026,2026-06-24,Bulawayo,239.2,1.58,377.94,2026,6,June
FUEL00463,TRK005,2026-06-24,Harare,141.5,1.96,277.34,2026,6,June
FUEL00464,TRK029,2026-09-01,Bulawayo,230.1,1.74,400.37,2026,9,September
FUEL00465,TRK023,2026-04-02,Chinhoyi,252.1,1.69,426.05,2026,4,April
FUEL00466,TRK023,2026-04-08,Mutare,188.5,1.68,316.68,2026,4,April
FUEL00467,TRK001,2025-11-24,Kwekwe,288.7,1.89,545.64,2025,11,November
FUEL00468,TRK024,2025-12-29,Kwekwe,340.5,1.57,534.59,2025,12,December
FUEL00469,TRK001,2026-01-13,Harare,344.0,1.78,612.32,2026,1,January
FUEL00470,TRK018,2026-09-05,Beitbridge,206.9,1.74,360.01,2026,9,September
FUEL00471,TRK013,2025-11-07,Chinhoyi,308.6,1.73,533.88,2025,11,November
FUEL00472,TRK020,2026-01-13,Gweru,300.8,1.62,487.3,2026,1,January
FUEL00473,TRK032,2026-03-26,Harare,429.4,1.49,639.81,2026,3,March
FUEL00474,TRK018,2026-06-01,Chinhoyi,309.1,1.76,544.02,2026,6,June
FUEL00475,TRK014,2025-09-25,Gweru,314.7,1.63,512.96,2025,9,September
FUEL00476,TRK026,2025-11-17,Masvingo,359.4,1.71,614.57,2025,11,November
FUEL00477,TRK033,2026-06-01,Mutare,159.2,1.59,253.13,2026,6,June
FUEL00478,TRK013,2026-08-25,Chinhoyi,270.6,1.53,414.02,2026,8,August
FUEL00479,TRK012,2025-10-25,Chinhoyi,413.0,1.85,764.05,2025,10,October
FUEL00480,TRK009,2025-10-25,Mutare,415.3,1.93,801.53,2025,10,October
FUEL00481,TRK017,2026-07-10,Gweru,230.1,1.62,372.76,2026,7,July
FUEL00482,TRK034,2026-02-09,Gweru,60.0,1.67,100.2,2026,2,February
FUEL00483,TRK002,2026-09-11,Kadoma,410.1,1.62,664.36,2026,9,September
FUEL00484,TRK017,2026-09-05,Kadoma,242.2,1.65,399.63,2026,9,September
FUEL00485,TRK030,2025-09-23,Chirundu,291.9,1.87,545.85,2025,9,September
FUEL00486,TRK004,2026-03-06,Chirundu,129.2,1.56,201.55,2026,3,March
FUEL00487,TRK027,2026-02-09,Bulawayo,386.4,1.81,699.38,2026,2,February
FUEL00488,TRK034,2026-05-18,Kwekwe,238.0,1.92,456.96,2026,5,May
FUEL00489,TRK024,2026-06-13,Harare,144.0,1.83,263.52,2026,6,June
FUEL00490,TRK015,2025-10-16,Masvingo,254.2,1.79,455.02,2025,10,October
FUEL00491,TRK027,2026-06-21,Kwekwe,60.0,1.69,101.4,2026,6,June
FUEL00492,TRK021,2025-09-24,Chirundu,322.6,1.71,551.65,2025,9,September
FUEL00493,TRK013,2026-03-12,Bulawayo,366.7,1.87,685.73,2026,3,March
FUEL00494,TRK002,2026-01-15,Chirundu,178.5,1.82,324.87,2026,1,January
FUEL00495,TRK005,2026-01-27,Gweru,175.6,1.73,303.79,2026,1,January
FUEL00496,TRK011,2026-03-09,Masvingo,315.8,1.62,511.6,2026,3,March
FUEL00497,TRK005,2026-08-08,Bulawayo,326.9,1.66,542.65,2026,8,August
FUEL00498,TRK002,2026-05-25,Chirundu,210.6,1.8,379.08,2026,5,May
FUEL00499,TRK002,2026-07-22,Beitbridge,188.9,1.61,304.13,2026,7,July
FUEL00500,TRK017,2026-01-26,Bulawayo,348.5,1.73,602.9,2026,1,January
