truck_id,model,year,age,purchase_date,mileage_km,capacity_tons,registration,base_consumption_l_per_100km,total_trips,total_distance_km,total_fuel_litres,total_revenue,total_operating_cost,total_profit,avg_fuel_efficiency_km_per_l,total_maintenance_cost,maintenance_count,total_downtime_days,operating_cost_per_km,profit_margin_pct
TRK001,Iveco Stralis,2014,12,2014-07-02,1048279,20.9,AHF 7680,38,40,18621,8189.44,25192.27,24801.170000000002,391.1,2.2795,33141.01,22,63,1.33,1.55
TRK002,Scania R450,2018,8,2018-10-09,741028,23.4,FNA 1652,32,30,12684,4690.91,17661.97,15559.34,2102.63,2.741333333333333,11628.310000000001,12,24,1.23,11.9
TRK003,Renault T,2022,4,2022-02-13,341392,23.0,AUS 3193,33,42,18731,6939.0,25840.170000000002,22550.83,3289.34,2.7145238095238096,3344.19,5,9,1.2,12.73
TRK004,Scania R450,2020,6,2020-09-10,461771,25.9,WPU 7593,32,36,17228,6332.13,24639.02,20815.2,3823.8199999999997,2.7455555555555557,16459.12,10,31,1.21,15.52
TRK005,Renault T,2021,5,2021-02-28,445870,23.6,QWP 7022,33,42,19024,7050.71,25547.02,22924.58,2622.44,2.711190476190476,5565.4800000000005,6,13,1.21,10.27
TRK006,Volvo FH500,2017,9,2017-11-21,677727,26.8,JLV 1367,30,53,22006,7716.11,29960.89,25898.86,4062.03,2.8647169811320756,7375.01,10,15,1.18,13.56
TRK007,Scania R450,2022,4,2022-04-22,381416,24.8,QNG 4296,32,52,21315,7658.87,28769.61,25286.52,3483.09,2.810576923076923,5515.29,5,14,1.19,12.11
TRK008,MAN TGX,2016,10,2016-06-07,786626,23.8,FAI 2298,34,37,17174,6729.34,23581.42,21928.45,1652.97,2.5662162162162163,17985.12,13,28,1.28,7.01
TRK009,Iveco Stralis,2017,9,2017-10-14,713458,20.6,KXL 2252,38,39,14769,6375.39,19713.65,19745.46,-31.80999999999998,2.3251282051282054,14998.98,15,24,1.34,-0.16
TRK010,DAF XF,2018,8,2018-03-26,721273,22.5,JZD 4781,36,55,21626,8910.08,29890.85,28019.85,1871.0,2.4323636363636365,14225.35,12,26,1.3,6.26
TRK011,Iveco Stralis,2017,9,2017-11-24,990201,19.4,PKP 4259,38,45,20177,8582.68,26806.9,25996.0,810.9,2.3486666666666665,19144.44,18,36,1.29,3.02
TRK012,Scania R450,2023,3,2023-12-24,234943,26.4,XTT 3210,32,44,21205,7654.57,29725.66,25071.94,4653.72,2.778181818181818,2942.86,5,9,1.18,15.66
TRK013,MAN TGX,2020,6,2020-06-25,489193,23.0,TNC 6851,34,30,12900,4886.14,17636.43,16002.13,1634.3,2.6510000000000002,4243.88,8,14,1.24,9.27
TRK014,Volvo FH500,2021,5,2021-05-08,475184,28.7,YXX 5413,30,43,17376,6087.1,24363.93,20325.27,4038.66,2.856744186046512,5599.969999999999,6,12,1.17,16.58
TRK015,Scania R450,2019,7,2019-03-22,542579,25.1,WYC 4077,32,45,17236,6352.61,23507.1,21264.09,2243.01,2.7024444444444446,4958.63,5,8,1.23,9.54
TRK016,Mercedes Actros,2022,4,2022-12-10,363568,26.3,ENP 9976,28,45,20169,6411.21,28149.62,22408.91,5740.71,3.1604444444444444,5257.61,4,10,1.11,20.39
TRK017,Mercedes Actros,2023,3,2023-04-19,280454,26.3,QLN 1235,28,38,17548,5606.75,24696.58,19573.74,5122.84,3.151315789473684,5251.53,4,10,1.12,20.74
TRK018,Volvo FH500,2017,9,2017-11-16,811321,27.6,BQF 9802,30,35,15500,5397.650000000001,21925.02,18211.58,3713.44,2.875142857142857,10589.4,10,18,1.17,16.94
TRK019,Volvo FH500,2021,5,2021-02-22,387194,27.7,DYO 4781,30,46,17902,6154.87,24768.34,21082.33,3686.0099999999998,2.9191304347826086,7244.049999999999,9,18,1.18,14.88
TRK020,Mercedes Actros,2020,6,2020-06-26,604648,27.2,LMS 6904,28,49,19762,6470.56,27587.66,22560.25,5027.41,3.0542857142857143,9639.380000000001,12,19,1.14,18.22
TRK021,Renault T,2016,10,2016-08-26,643032,23.2,GEL 4229,33,50,20783,7956.55,28119.36,25449.68,2669.68,2.6292,14735.92,16,34,1.22,9.49
TRK022,Renault T,2022,4,2022-03-14,378807,24.0,OBZ 8998,33,45,20878,7757.42,28406.07,25205.94,3200.13,2.707333333333333,1965.03,3,5,1.21,11.27
TRK023,Mercedes Actros,2021,5,2021-08-10,397141,27.0,FKB 3927,28,28,11294,3613.98,15637.64,12704.54,2933.1,3.150714285714286,7644.87,15,21,1.12,18.76
TRK024,Mercedes Actros,2023,3,2023-10-24,228977,24.6,YZO 7129,28,45,19442,6087.03,26625.13,21558.97,5066.16,3.195555555555556,3517.1099999999997,4,5,1.11,19.03
TRK025,DAF XF,2015,11,2015-02-28,821089,22.2,TBP 5819,36,46,20605,8668.75,28372.79,26627.12,1745.67,2.388913043478261,11945.58,12,26,1.29,6.15
TRK026,Volvo FH500,2017,9,2017-10-03,833163,28.2,PRG 1825,30,42,18018,6520.13,25597.22,21793.38,3803.84,2.790714285714286,11501.51,11,26,1.21,14.86
TRK027,Mercedes Actros,2023,3,2023-11-21,272881,26.5,PNY 2723,28,43,17478,5662.0,24148.78,19995.11,4153.67,3.1232558139534885,6411.91,9,13,1.14,17.2
TRK028,MAN TGX,2019,7,2019-04-17,533952,23.5,ITB 4990,34,36,15423,6029.46,21578.96,19217.38,2361.58,2.5472222222222225,6995.58,10,16,1.25,10.94
TRK029,MAN TGX,2017,9,2017-10-26,643153,23.4,YWW 3187,34,42,15413,6024.0199999999995,20909.77,19373.05,1536.72,2.585952380952381,9885.24,13,21,1.26,7.35
TRK030,Iveco Stralis,2018,8,2018-02-24,688410,20.5,AVH 6911,38,43,19128,8338.59,26155.41,25462.36,693.0500000000001,2.3239534883720934,9786.39,9,17,1.33,2.65
TRK031,DAF XF,2016,10,2016-01-03,928368,21.5,HPS 2624,36,52,22228,9204.98,29490.600000000002,28591.510000000002,899.09,2.430769230769231,13214.88,12,28,1.29,3.05
TRK032,Iveco Stralis,2017,9,2017-12-14,731080,18.3,VBI 1914,38,50,22113,9449.52,29532.38,28998.95,533.4300000000001,2.3412,13930.72,13,26,1.31,1.81
TRK033,DAF XF,2015,11,2015-07-05,745444,22.5,CYR 1035,36,44,18257,7607.41,24583.27,23653.28,929.99,2.393409090909091,18424.62,14,31,1.3,3.78
TRK034,Scania R450,2020,6,2020-06-25,439133,26.6,JYZ 0366,32,43,15723,5837.03,22475.489999999998,19004.5,3470.99,2.713720930232558,13500.9,11,28,1.21,15.44
TRK035,DAF XF,2018,8,2018-07-01,656861,20.9,ZTY 2171,36,45,19663,8083.74,26349.34,25420.07,929.27,2.4535555555555555,6427.849999999999,7,16,1.29,3.53
