truck_id,model,year,age,purchase_date,mileage_km,capacity_tons,registration,base_consumption_l_per_100km
TRK001,Iveco Stralis,2014,12,2014-07-02,1048279,20.9,AHF 7680,38
TRK002,Scania R450,2018,8,2018-10-09,741028,23.4,FNA 1652,32
TRK003,Renault T,2022,4,2022-02-13,341392,23.0,AUS 3193,33
TRK004,Scania R450,2020,6,2020-09-10,461771,25.9,WPU 7593,32
TRK005,Renault T,2021,5,2021-02-28,445870,23.6,QWP 7022,33
TRK006,Volvo FH500,2017,9,2017-11-21,677727,26.8,JLV 1367,30
TRK007,Scania R450,2022,4,2022-04-22,381416,24.8,QNG 4296,32
TRK008,MAN TGX,2016,10,2016-06-07,786626,23.8,FAI 2298,34
TRK009,Iveco Stralis,2017,9,2017-10-14,713458,20.6,KXL 2252,38
TRK010,DAF XF,2018,8,2018-03-26,721273,22.5,JZD 4781,36
TRK011,Iveco Stralis,2017,9,2017-11-24,990201,19.4,PKP 4259,38
TRK012,Scania R450,2023,3,2023-12-24,234943,26.4,XTT 3210,32
TRK013,MAN TGX,2020,6,2020-06-25,489193,23.0,TNC 6851,34
TRK014,Volvo FH500,2021,5,2021-05-08,475184,28.7,YXX 5413,30
TRK015,Scania R450,2019,7,2019-03-22,542579,25.1,WYC 4077,32
TRK016,Mercedes Actros,2022,4,2022-12-10,363568,26.3,ENP 9976,28
TRK017,Mercedes Actros,2023,3,2023-04-19,280454,26.3,QLN 1235,28
TRK018,Volvo FH500,2017,9,2017-11-16,811321,27.6,BQF 9802,30
TRK019,Volvo FH500,2021,5,2021-02-22,387194,27.7,DYO 4781,30
TRK020,Mercedes Actros,2020,6,2020-06-26,604648,27.2,LMS 6904,28
TRK021,Renault T,2016,10,2016-08-26,643032,23.2,GEL 4229,33
TRK022,Renault T,2022,4,2022-03-14,378807,24.0,OBZ 8998,33
TRK023,Mercedes Actros,2021,5,2021-08-10,397141,27.0,FKB 3927,28
TRK024,Mercedes Actros,2023,3,2023-10-24,228977,24.6,YZO 7129,28
TRK025,DAF XF,2015,11,2015-02-28,821089,22.2,TBP 5819,36
TRK026,Volvo FH500,2017,9,2017-10-03,833163,28.2,PRG 1825,30
TRK027,Mercedes Actros,2023,3,2023-11-21,272881,26.5,PNY 2723,28
TRK028,MAN TGX,2019,7,2019-04-17,533952,23.5,ITB 4990,34
TRK029,MAN TGX,2017,9,2017-10-26,643153,23.4,YWW 3187,34
TRK030,Iveco Stralis,2018,8,2018-02-24,688410,20.5,AVH 6911,38
TRK031,DAF XF,2016,10,2016-01-03,928368,21.5,HPS 2624,36
TRK032,Iveco Stralis,2017,9,2017-12-14,731080,18.3,VBI 1914,38
TRK033,DAF XF,2015,11,2015-07-05,745444,22.5,CYR 1035,36
TRK034,Scania R450,2020,6,2020-06-25,439133,26.6,JYZ 0366,32
TRK035,DAF XF,2018,8,2018-07-01,656861,20.9,ZTY 2171,36
